source,function,status,reason,type,len,columns,dtypes,head_preview,args_preview
wbdata,fetch_bond_date_list,blocked_source_missing,missing mysql tables: wind_cbondcalendar,unknown,0,[],{},null,"{""args"": [], ""kwargs"": {}}"
wbdata,fetch_bond_day,pass_has_data,ok,DataFrame,400,"[""open_price"", ""high_price"", ""low_price"", ""close_price"", ""open_yield"", ""high_yield"", ""low_yield"", ""close_yield"", ""vol"", ""tkn_vol"", ""gvn_vol"", ""trade_vol"", ""quote_vol"", ""symbol"", ""trade_date"", ""pre_date"", ""is_vaild"", ""val_close_yield"", ""val_duration"", ""val_net_price"", ""val_close_yield_prev"", ""val_net_price_prev"", ""valuation_missing"", ""valuation_override"", ""override_fields""]","{""open_price"": ""float64"", ""high_price"": ""float64"", ""low_price"": ""float64"", ""close_price"": ""float64"", ""open_yield"": ""float64"", ""high_yield"": ""float64"", ""low_yield"": ""float64"", ""close_yield"": ""float64"", ""vol"": ""int64"", ""tkn_vol"": ""int64"", ""gvn_vol"": ""int64"", ""trade_vol"": ""int64"", ""quote_vol"": ""int64"", ""symbol"": ""object"", ""trade_date"": ""datetime64[ns]"", ""pre_date"": ""datetime64[ns]"", ""is_vaild"": ""int64"", ""val_close_yield"": ""object"", ""val_duration"": ""object"", ""val_net_price"": ""object"", ""val_close_yield_prev"": ""object"", ""val_net_price_prev"": ""object"", ""valuation_missing"": ""int64"", ""valuation_override"": ""int64"", ""override_fields"": ""object""}","[{""open_price"": 99.8666, ""high_price"": 99.8887, ""low_price"": 99.8223, ""close_price"": 99.8887, ""open_yield"": 2.285, ""high_yield"": 2.29, ""low_yield"": 2.2825, ""close_yield"": 2.2825, ""vol"": 198, ""tkn_vol"": 92, ""gvn_vol"": 106, ""trade_vol"": 0, ""quote_vol"": 0, ""symbol"": ""240011.IB"", ""trade_date"": ""2024-06-04T00:00:00"", ""pre_date"": ""NaT"", ""is_vaild"": 1, ""val_close_yield"": null, ""val_duration"": null, ""val_net_price"": null, ""val_close_yield_prev"": null, ""val_net_price_prev"": null, ""valuation_missing"": 0, ""valuation_override"": 0, ""override_fields"": """"}, {""open_price"": 99.9109, ""high_price"": 99.9331, ""low_price"": 99.8666, ""close_price"": 99.8887, ""open_yield"": 2.28, ""high_yield"": 2.285, ""low_yield"": 2.2775, ""close_yield"": 2.2825, ""vol"": 250, ""tkn_vol"": 78, ""gvn_vol"": 172, ""trade_vol"": 0, ""quote_vol"": 0, ""symbol"": ""240011.IB"", ""trade_date"": ""2024-06-05T00:00:00"", ""pre_date"": ""2024-06-04T00:00:00"", ""is_vaild"": 1, ""val_close_yield"": null, ""val_duration"": null, ""val_net_price"": null, ""val_close_yield_prev"": null, ""val_net_price_prev"": null, ""valuation_missing"": 0, ""valuation_override"": 0, ""override_fields"": """"}, {""open_price"": 99.9109, ""high_price"": 99.9331, ""low_price"": 99.8666, ""close_price"": 99.8932, ""open_yield"": 2.28, ""high_yield"": 2.285, ""low_yield"": 2.2775, ""close_yield"": 2.282, ""vol"": 170, ""tkn_vol"": 107, ""gvn_vol"": 63, ""trade_vol"": 0, ""quote_vol"": 0, ""symbol"": ""240011.IB"", ""trade_date"": ""2024-06-06T00:00:00"", ""pre_date"": ""2024-06-05T00:00:00"", ""is_vaild"": 1, ""val_close_yield"": null, ""val_duration"": null, ""val_net_price"": null, ""val_close_yield_prev"": null, ""val_net_price_prev"": null, ""valuation_missing"": 0, ""valuation_override"": 0, ""override_fields"": """"}, {""open_price"": 99.8666, ""high_price"": 99.8976, ""low_price"": 99.8666, ""close_price"": 99.8887, ""open_yield"": 2.285, ""high_yield"": 2.285, ""low_yield"": 2.2815, ""close_yield"": 2.2825, ""vol"": 105, ""tkn_vol"": 53, ""gvn_vol"": 51, ""trade_vol"": 1, ""quote_vol"": 0, ""symbol"": ""240011.IB"", ""trade_date"": ""2024-06-07T00:00:00"", ""pre_date"": ""2024-06-07T00:00:00"", ""is_vaild"": 1, ""val_close_yield"": null, ""val_duration"": null, ""val_net_price"": null, ""val_close_yield_prev"": null, ""val_net_price_prev"": null, ""valuation_missing"": 0, ""valuation_override"": 0, ""override_fields"": """"}, {""open_price"": 99.8887, ""high_price"": 99.933, ""low_price"": 99.8887, ""close_price"": 99.9286, ""open_yield"": 2.2825, ""high_yield"": 2.2825, ""low_yield"": 2.2775, ""close_yield"": 2.278, ""vol"": 125, ""tkn_vol"": 52, ""gvn_vol"": 73, ""trade_vol"": 0, ""quote_vol"": 0, ""symbol"": ""240011.IB"", ""trade_date"": ""2024-06-11T00:00:00"", ""pre_date"": ""2024-06-07T00:00:00"", ""is_vaild"": 1, ""val_close_yield"": null, ""val_duration"": null, ""val_net_price"": null, ""val_close_yield_prev"": null, ""val_net_price_prev"": null, ""valuation_missing"": 0, ""valuation_override"": 0, ""override_fields"": """"}]","{""args"": [""240011.IB"", ""2010-01-01"", ""2030-01-01""], ""kwargs"": {}}"
wbdata,fetch_bond_industry_settlement,pass_has_data,ok,DataFrame,57,"[""symbol"", ""age_limit"", ""high_price"", ""low_price"", ""close_price"", ""intraday_volatility_bp"", ""close_valuation_spread_bp"", ""latest_valuation"", ""previous_valuation"", ""volume"", ""insurance_institution"", ""other_institution"", ""other_products"", ""rural_commercial_bank"", ""brokerage"", ""city_commercial_bank"", ""fund"", ""foreign_institution"", ""large_bank"", ""wealth_management"", ""joint_stock_bank"", ""short_name"", ""trade_date"", ""bond_type"", ""maturity_date"", ""tax_refund_income"", ""institutional_behavior""]","{""symbol"": ""object"", ""age_limit"": ""float64"", ""high_price"": ""float64"", ""low_price"": ""float64"", ""close_price"": ""float64"", ""intraday_volatility_bp"": ""float64"", ""close_valuation_spread_bp"": ""float64"", ""latest_valuation"": ""float64"", ""previous_valuation"": ""float64"", ""volume"": ""float64"", ""insurance_institution"": ""float64"", ""other_institution"": ""float64"", ""other_products"": ""float64"", ""rural_commercial_bank"": ""float64"", ""brokerage"": ""float64"", ""city_commercial_bank"": ""float64"", ""fund"": ""float64"", ""foreign_institution"": ""float64"", ""large_bank"": ""float64"", ""wealth_management"": ""float64"", ""joint_stock_bank"": ""float64"", ""short_name"": ""object"", ""trade_date"": ""datetime64[ns]"", ""bond_type"": ""object"", ""maturity_date"": ""datetime64[ns]"", ""tax_refund_income"": ""float64"", ""institutional_behavior"": ""object""}","[{""symbol"": ""240011.IB"", ""age_limit"": 8.57, ""high_price"": 1.79, ""low_price"": 1.77, ""close_price"": 1.77, ""intraday_volatility_bp"": 2.000000000000002, ""close_valuation_spread_bp"": 0.0, ""latest_valuation"": 1.77, ""previous_valuation"": 1.785, ""volume"": 37.6125, ""insurance_institution"": -1.0, ""other_institution"": 0.0044, ""other_products"": -0.1, ""rural_commercial_bank"": 0.1, ""brokerage"": 3.7081, ""city_commercial_bank"": 0.5, ""fund"": 0.6, ""foreign_institution"": 0.2875, ""large_bank"": 0.0, ""wealth_management"": 0.0, ""joint_stock_bank"": -4.1, ""short_name"": ""24附息国债11"", ""trade_date"": ""2025-10-30T00:00:00"", ""bond_type"": ""国债"", ""maturity_date"": ""2034-05-24T00:00:00"", ""tax_refund_income"": 2.53, ""institutional_behavior"": ""其他': 0.01, '农商': 16.09, '券商': 25.39, '城商': 4.92, '基金': 4.52, '外资': 4.""}, {""symbol"": ""240011.IB"", ""age_limit"": 8.57, ""high_price"": 1.785, ""low_price"": 1.7725, ""close_price"": 1.785, ""intraday_volatility_bp"": 1.249999999999996, ""close_valuation_spread_bp"": 0.0, ""latest_valuation"": 1.785, ""previous_valuation"": 1.782, ""volume"": 14.8, ""insurance_institution"": 0.0, ""other_institution"": 0.0, ""other_products"": -0.6, ""rural_commercial_bank"": -3.6, ""brokerage"": 4.0, ""city_commercial_bank"": -1.5, ""fund"": -1.0, ""foreign_institution"": -0.3, ""large_bank"": 0.0, ""wealth_management"": 0.0, ""joint_stock_bank"": 3.0, ""short_name"": ""24附息国债11"", ""trade_date"": ""2025-10-29T00:00:00"", ""bond_type"": ""国债"", ""maturity_date"": ""2034-05-24T00:00:00"", ""tax_refund_income"": 2.54, ""institutional_behavior"": ""券商': 41.89, '股份': 18.9""}, {""symbol"": ""240011.IB"", ""age_limit"": 8.58, ""high_price"": 1.8275, ""low_price"": 1.775, ""close_price"": 1.7802, ""intraday_volatility_bp"": 5.249999999999999, ""close_valuation_spread_bp"": -0.1800000000000024, ""latest_valuation"": 1.782, ""previous_valuation"": 1.8025, ""volume"": 41.58, ""insurance_institution"": 0.0, ""other_institution"": 1.13, ""other_products"": 0.0, ""rural_commercial_bank"": -5.0, ""brokerage"": 4.0, ""city_commercial_bank"": 0.8, ""fund"": -0.4, ""foreign_institution"": -1.43, ""large_bank"": 0.0, ""wealth_management"": -0.7, ""joint_stock_bank"": 1.6, ""short_name"": ""24附息国债11"", ""trade_date"": ""2025-10-28T00:00:00"", ""bond_type"": ""国债"", ""maturity_date"": ""2034-05-24T00:00:00"", ""tax_refund_income"": 2.54, ""institutional_behavior"": ""其他': 4.01, '券商': 65.16, '城商': 8.65, '股份': 4.5""}, {""symbol"": ""240011.IB"", ""age_limit"": 8.58, ""high_price"": 1.81, ""low_price"": 1.7999, ""close_price"": 1.8025, ""intraday_volatility_bp"": 1.01, ""close_valuation_spread_bp"": 0.0, ""latest_valuation"": 1.8025, ""previous_valuation"": 1.802, ""volume"": 15.0063, ""insurance_institution"": 0.0, ""other_institution"": 0.0029, ""other_products"": 0.0, ""rural_commercial_bank"": -6.0, ""brokerage"": 5.7, ""city_commercial_bank"": 0.0, ""fund"": -0.1, ""foreign_institution"": 0.0017, ""large_bank"": -0.0046, ""wealth_management"": 0.0, ""joint_stock_bank"": 0.4, ""short_name"": ""24附息国债11"", ""trade_date"": ""2025-10-27T00:00:00"", ""bond_type"": ""国债"", ""maturity_date"": ""2034-05-24T00:00:00"", ""tax_refund_income"": 2.56, ""institutional_behavior"": ""其他': 0.02, '券商': 48.31, '外资': 2.0, '股份': 2.""}, {""symbol"": ""240011.IB"", ""age_limit"": 8.59, ""high_price"": 1.81, ""low_price"": 1.795, ""close_price"": 1.8079, ""intraday_volatility_bp"": 1.500000000000012, ""close_valuation_spread_bp"": -0.2099999999999991, ""latest_valuation"": 1.81, ""previous_valuation"": 1.802, ""volume"": 16.7696, ""insurance_institution"": -0.4, ""other_institution"": -1.9616, ""other_products"": 0.0, ""rural_commercial_bank"": 0.0, ""brokerage"": -4.7, ""city_commercial_bank"": -0.2, ""fund"": -0.5, ""foreign_institution"": 0.2616, ""large_bank"": 0.0, ""wealth_management"": 0.0, ""joint_stock_bank"": 7.5, ""short_name"": ""24附息国债11"", ""trade_date"": ""2025-10-24T00:00:00"", ""bond_type"": ""国债"", ""maturity_date"": ""2034-05-24T00:00:00"", ""tax_refund_income"": 2.56, ""institutional_behavior"": ""外资': 12.13, '股份': 30.7""}]","{""args"": [""240011.IB"", ""2010-01-01"", ""2030-01-01""], ""kwargs"": {}}"
wbdata,fetch_bondInformation,pass_has_data,ok,DataFrame,1,"[""short_name"", ""list_date"", ""delist_date"", ""issuer"", ""par"", ""coupon"", ""coupon_type"", ""coupon_freq"", ""first_accr_date"", ""maturity_date"", ""wind_class1"", ""zz_class1"", ""zz_class2"", ""wind_class2"", ""issue_date"", ""issue_size"", ""clause"", ""embeddedopt"", ""issue_method"", ""fullname"", ""symbol"", ""common_class"", ""bond_id"", ""exchange"", ""age_limit"", ""age"", ""total_size"", ""issuer_type""]","{""short_name"": ""object"", ""list_date"": ""datetime64[ns]"", ""delist_date"": ""datetime64[ns]"", ""issuer"": ""object"", ""par"": ""float64"", ""coupon"": ""float64"", ""coupon_type"": ""object"", ""coupon_freq"": ""object"", ""first_accr_date"": ""datetime64[ns]"", ""maturity_date"": ""datetime64[ns]"", ""wind_class1"": ""object"", ""zz_class1"": ""object"", ""zz_class2"": ""object"", ""wind_class2"": ""object"", ""issue_date"": ""datetime64[ns]"", ""issue_size"": ""float64"", ""clause"": ""object"", ""embeddedopt"": ""object"", ""issue_method"": ""object"", ""fullname"": ""object"", ""symbol"": ""object"", ""common_class"": ""object"", ""bond_id"": ""object"", ""exchange"": ""object"", ""age_limit"": ""float64"", ""age"": ""float64"", ""total_size"": ""float64"", ""issuer_type"": ""object""}","[{""short_name"": ""24附息国债11"", ""list_date"": ""2024-05-29T00:00:00"", ""delist_date"": ""2034-05-24T00:00:00"", ""issuer"": ""中华人民共和国财政部"", ""par"": 100.0, ""coupon"": 2.27, ""coupon_type"": ""FIXED"", ""coupon_freq"": ""2PY"", ""first_accr_date"": ""2024-05-25T00:00:00"", ""maturity_date"": ""2034-05-25T00:00:00"", ""wind_class1"": ""国债"", ""zz_class1"": ""国债(中债)"", ""zz_class2"": ""记账式国债(中债)"", ""wind_class2"": ""国债"", ""issue_date"": ""2024-05-24T00:00:00"", ""issue_size"": 1360.0, ""clause"": """", ""embeddedopt"": ""否"", ""issue_method"": ""公募"", ""fullname"": ""2024年记账式附息(十一期)国债"", ""symbol"": ""240011.IB"", ""common_class"": ""国债"", ""bond_id"": ""240011"", ""exchange"": ""IB"", ""age_limit"": 8.284931506849315, ""age"": 10.0, ""total_size"": 1360.0, ""issuer_type"": ""始发""}]","{""args"": [""240011.IB""], ""kwargs"": {""query_date"": null}}"
wbdata,fetch_bond_min,blocked_source_missing,missing mysql tables: clean_execreport_1min,unknown,0,[],{},null,"{""args"": [], ""kwargs"": {}}"
wbdata,fetch_cfets_bond_amount,error_runtime,timeout_skip_30s: function call exceeded 30 seconds,unknown,0,[],{},null,"{""args"": [""2010-01-01"", ""2030-01-01""], ""kwargs"": {}}"
wbdata,fetch_cfets_credit_item,pass_has_data,ok,DataFrame,137856,"[""id"", ""industry"", ""symbol"", ""borrow_rate"", ""deextrema_borrow_rate"", ""borrow_amount"", ""lend_rate"", ""deextrema_lend_rate"", ""lend_amount"", ""net_financing_in_amount"", ""borrow_remaining"", ""lend_remaining"", ""trade_date"", ""new_industry"", ""new_age""]","{""id"": ""int64"", ""industry"": ""object"", ""symbol"": ""object"", ""borrow_rate"": ""float64"", ""deextrema_borrow_rate"": ""float64"", ""borrow_amount"": ""float64"", ""lend_rate"": ""float64"", ""deextrema_lend_rate"": ""float64"", ""lend_amount"": ""float64"", ""net_financing_in_amount"": ""float64"", ""borrow_remaining"": ""float64"", ""lend_remaining"": ""float64"", ""trade_date"": ""datetime64[ns]"", ""new_industry"": ""object"", ""new_age"": ""object""}","[{""id"": 229, ""industry"": ""股份制商业银行"", ""symbol"": ""IBO001"", ""borrow_rate"": 2.174, ""deextrema_borrow_rate"": 2.174, ""borrow_amount"": 148500.0, ""lend_rate"": 2.2094, ""deextrema_lend_rate"": 2.2094, ""lend_amount"": 205500.0, ""net_financing_in_amount"": -93155.0, ""borrow_remaining"": 148500.0, ""lend_remaining"": 205500.0, ""trade_date"": ""2021-03-01T00:00:00"", ""new_industry"": ""大型银行"", ""new_age"": ""1d""}, {""id"": 230, ""industry"": ""股份制商业银行"", ""symbol"": ""IBO007"", ""borrow_rate"": 2.216, ""deextrema_borrow_rate"": 2.216, ""borrow_amount"": 50.0, ""lend_rate"": 2.3391, ""deextrema_lend_rate"": 2.3391, ""lend_amount"": 17399.3, ""net_financing_in_amount"": -12796.9, ""borrow_remaining"": 14250.0, ""lend_remaining"": 42602.9, ""trade_date"": ""2021-03-01T00:00:00"", ""new_industry"": ""大型银行"", ""new_age"": ""7d""}, {""id"": 231, ""industry"": ""股份制商业银行"", ""symbol"": ""IBO014"", ""borrow_rate"": NaN, ""deextrema_borrow_rate"": NaN, ""borrow_amount"": NaN, ""lend_rate"": NaN, ""deextrema_lend_rate"": NaN, ""lend_amount"": NaN, ""net_financing_in_amount"": NaN, ""borrow_remaining"": NaN, ""lend_remaining"": NaN, ""trade_date"": ""2021-03-01T00:00:00"", ""new_industry"": ""大型银行"", ""new_age"": ""14d""}, {""id"": 232, ""industry"": ""股份制商业银行"", ""symbol"": ""IBO021"", ""borrow_rate"": NaN, ""deextrema_borrow_rate"": NaN, ""borrow_amount"": NaN, ""lend_rate"": NaN, ""deextrema_lend_rate"": NaN, ""lend_amount"": NaN, ""net_financing_in_amount"": NaN, ""borrow_remaining"": NaN, ""lend_remaining"": NaN, ""trade_date"": ""2021-03-01T00:00:00"", ""new_industry"": ""大型银行"", ""new_age"": "">14d""}, {""id"": 233, ""industry"": ""股份制商业银行"", ""symbol"": ""IBO1M"", ""borrow_rate"": NaN, ""deextrema_borrow_rate"": NaN, ""borrow_amount"": NaN, ""lend_rate"": NaN, ""deextrema_lend_rate"": NaN, ""lend_amount"": NaN, ""net_financing_in_amount"": NaN, ""borrow_remaining"": 180.0, ""lend_remaining"": NaN, ""trade_date"": ""2021-03-01T00:00:00"", ""new_industry"": ""大型银行"", ""new_age"": "">14d""}]","{""args"": [""2010-01-01"", ""2030-01-01""], ""kwargs"": {}}"
wbdata,fetch_cfets_credit_side,pass_has_data,ok,DataFrame,48820,"[""id"", ""borrow_industry"", ""lend_industry"", ""lend_rate"", ""trade_date"", ""new_industry""]","{""id"": ""int64"", ""borrow_industry"": ""object"", ""lend_industry"": ""object"", ""lend_rate"": ""float64"", ""trade_date"": ""datetime64[ns]"", ""new_industry"": ""object""}","[{""id"": 81, ""borrow_industry"": ""股份制商业银行"", ""lend_industry"": ""股份制商业银行"", ""lend_rate"": 2.1711, ""trade_date"": ""2021-03-01T00:00:00"", ""new_industry"": null}, {""id"": 82, ""borrow_industry"": ""股份制商业银行"", ""lend_industry"": ""大型商业/政策性银行"", ""lend_rate"": 2.1792, ""trade_date"": ""2021-03-01T00:00:00"", ""new_industry"": null}, {""id"": 83, ""borrow_industry"": ""股份制商业银行"", ""lend_industry"": ""城市商业银行"", ""lend_rate"": 2.16, ""trade_date"": ""2021-03-01T00:00:00"", ""new_industry"": null}, {""id"": 84, ""borrow_industry"": ""股份制商业银行"", ""lend_industry"": ""外资银行"", ""lend_rate"": 2.1545, ""trade_date"": ""2021-03-01T00:00:00"", ""new_industry"": null}, {""id"": 85, ""borrow_industry"": ""股份制商业银行"", ""lend_industry"": ""其他"", ""lend_rate"": 2.1847, ""trade_date"": ""2021-03-01T00:00:00"", ""new_industry"": null}]","{""args"": [""2010-01-01"", ""2030-01-01""], ""kwargs"": {}}"
wbdata,fetch_cfets_dfz_bond_day,pass_empty,ok,DataFrame,0,"[""open_price"", ""high_price"", ""low_price"", ""close_price"", ""open_yield"", ""high_yield"", ""low_yield"", ""close_yield"", ""vol"", ""tkn_vol"", ""gvn_vol"", ""trade_vol"", ""quote_vol"", ""symbol"", ""trade_date"", ""pre_date"", ""is_vaild""]","{""open_price"": ""object"", ""high_price"": ""object"", ""low_price"": ""object"", ""close_price"": ""object"", ""open_yield"": ""object"", ""high_yield"": ""object"", ""low_yield"": ""object"", ""close_yield"": ""object"", ""vol"": ""object"", ""tkn_vol"": ""object"", ""gvn_vol"": ""object"", ""trade_vol"": ""object"", ""quote_vol"": ""object"", ""symbol"": ""object"", ""trade_date"": ""object"", ""pre_date"": ""object"", ""is_vaild"": ""object""}",[],"{""args"": [""240011.IB"", ""2010-01-01"", ""2030-01-01""], ""kwargs"": {}}"
wbdata,fetch_cfets_repo_buyback_item,pass_has_data,ok,DataFrame,189476,"[""industry"", ""symbol"", ""repurchase_rate"", ""deextrema_repurchase_rate"", ""repurchase_amount"", ""rev_repurchase_rate"", ""deextrema_rev_repurchase_rate"", ""rev_repurchase_amount"", ""net_financing_in_amount"", ""repurchase_remaining"", ""rev_repurchase_remaining"", ""repo_type"", ""trade_date"", ""new_industry""]","{""industry"": ""object"", ""symbol"": ""object"", ""repurchase_rate"": ""float64"", ""deextrema_repurchase_rate"": ""float64"", ""repurchase_amount"": ""float64"", ""rev_repurchase_rate"": ""float64"", ""deextrema_rev_repurchase_rate"": ""float64"", ""rev_repurchase_amount"": ""float64"", ""net_financing_in_amount"": ""float64"", ""repurchase_remaining"": ""float64"", ""rev_repurchase_remaining"": ""float64"", ""repo_type"": ""object"", ""trade_date"": ""datetime64[ns]"", ""new_industry"": ""object""}","[{""industry"": ""城市商业银行"", ""symbol"": ""R001"", ""repurchase_rate"": 2.1386, ""deextrema_repurchase_rate"": 2.1386, ""repurchase_amount"": 750233.37, ""rev_repurchase_rate"": 2.1991, ""deextrema_rev_repurchase_rate"": 2.1995, ""rev_repurchase_amount"": 736866.87, ""net_financing_in_amount"": -132264.97, ""repurchase_remaining"": 750233.37, ""rev_repurchase_remaining"": 736866.87, ""repo_type"": ""buyback"", ""trade_date"": ""2021-03-01T00:00:00"", ""new_industry"": ""中小型银行""}, {""industry"": ""城市商业银行"", ""symbol"": ""R007"", ""repurchase_rate"": 2.2046, ""deextrema_repurchase_rate"": 2.2046, ""repurchase_amount"": 51572.7, ""rev_repurchase_rate"": 2.2943, ""deextrema_rev_repurchase_rate"": 2.2622, ""rev_repurchase_amount"": 9627.52, ""net_financing_in_amount"": 25410.05, ""repurchase_remaining"": 224400.4, ""rev_repurchase_remaining"": 108641.49, ""repo_type"": ""buyback"", ""trade_date"": ""2021-03-01T00:00:00"", ""new_industry"": ""中小型银行""}, {""industry"": ""城市商业银行"", ""symbol"": ""R014"", ""repurchase_rate"": 2.1442, ""deextrema_repurchase_rate"": 2.1442, ""repurchase_amount"": 3590.51, ""rev_repurchase_rate"": 2.1075, ""deextrema_rev_repurchase_rate"": 2.1075, ""rev_repurchase_amount"": 1212.13, ""net_financing_in_amount"": 2280.43, ""repurchase_remaining"": 60755.94, ""rev_repurchase_remaining"": 25323.83, ""repo_type"": ""buyback"", ""trade_date"": ""2021-03-01T00:00:00"", ""new_industry"": ""中小型银行""}, {""industry"": ""城市商业银行"", ""symbol"": ""R021"", ""repurchase_rate"": 2.4086, ""deextrema_repurchase_rate"": 2.4086, ""repurchase_amount"": 2459.74, ""rev_repurchase_rate"": 2.0447, ""deextrema_rev_repurchase_rate"": 2.0447, ""rev_repurchase_amount"": 644.0, ""net_financing_in_amount"": -1134.55, ""repurchase_remaining"": 29053.61, ""rev_repurchase_remaining"": 2393.92, ""repo_type"": ""buyback"", ""trade_date"": ""2021-03-01T00:00:00"", ""new_industry"": ""中小型银行""}, {""industry"": ""城市商业银行"", ""symbol"": ""R1M"", ""repurchase_rate"": 2.5317, ""deextrema_repurchase_rate"": 2.5317, ""repurchase_amount"": 1216.4, ""rev_repurchase_rate"": 2.2741, ""deextrema_rev_repurchase_rate"": 2.2741, ""rev_repurchase_amount"": 124.01, ""net_financing_in_amount"": -1896.6, ""repurchase_remaining"": 8149.29, ""rev_repurchase_remaining"": 6473.18, ""repo_type"": ""buyback"", ""trade_date"": ""2021-03-01T00:00:00"", ""new_industry"": ""中小型银行""}]","{""args"": [""2010-01-01"", ""2030-01-01""], ""kwargs"": {}}"
wbdata,fetch_cfets_repo_buyout_item,pass_has_data,ok,DataFrame,154812,"[""industry"", ""symbol"", ""repurchase_rate"", ""deextrema_repurchase_rate"", ""repurchase_amount"", ""rev_repurchase_rate"", ""deextrema_rev_repurchase_rate"", ""rev_repurchase_amount"", ""net_financing_in_amount"", ""repurchase_remaining"", ""rev_repurchase_remaining"", ""repo_type"", ""trade_date"", ""new_industry"", ""new_age""]","{""industry"": ""object"", ""symbol"": ""object"", ""repurchase_rate"": ""float64"", ""deextrema_repurchase_rate"": ""float64"", ""repurchase_amount"": ""float64"", ""rev_repurchase_rate"": ""float64"", ""deextrema_rev_repurchase_rate"": ""float64"", ""rev_repurchase_amount"": ""float64"", ""net_financing_in_amount"": ""float64"", ""repurchase_remaining"": ""float64"", ""rev_repurchase_remaining"": ""float64"", ""repo_type"": ""object"", ""trade_date"": ""datetime64[ns]"", ""new_industry"": ""object"", ""new_age"": ""object""}","[{""industry"": ""大行及政策行"", ""symbol"": ""OR001"", ""repurchase_rate"": NaN, ""deextrema_repurchase_rate"": NaN, ""repurchase_amount"": NaN, ""rev_repurchase_rate"": NaN, ""deextrema_rev_repurchase_rate"": NaN, ""rev_repurchase_amount"": NaN, ""net_financing_in_amount"": -1045.86, ""repurchase_remaining"": NaN, ""rev_repurchase_remaining"": NaN, ""repo_type"": ""buyout"", ""trade_date"": ""2021-03-01T00:00:00"", ""new_industry"": ""大型银行"", ""new_age"": ""1d""}, {""industry"": ""大行及政策行"", ""symbol"": ""OR007"", ""repurchase_rate"": 2.2021, ""deextrema_repurchase_rate"": 2.2021, ""repurchase_amount"": 142.5, ""rev_repurchase_rate"": 2.6505, ""deextrema_rev_repurchase_rate"": 2.6505, ""rev_repurchase_amount"": 142.5, ""net_financing_in_amount"": 0.0, ""repurchase_remaining"": 1700.5, ""rev_repurchase_remaining"": 1928.5, ""repo_type"": ""buyout"", ""trade_date"": ""2021-03-01T00:00:00"", ""new_industry"": ""大型银行"", ""new_age"": ""7d""}, {""industry"": ""大行及政策行"", ""symbol"": ""OR014"", ""repurchase_rate"": NaN, ""deextrema_repurchase_rate"": NaN, ""repurchase_amount"": NaN, ""rev_repurchase_rate"": NaN, ""deextrema_rev_repurchase_rate"": NaN, ""rev_repurchase_amount"": NaN, ""net_financing_in_amount"": NaN, ""repurchase_remaining"": NaN, ""rev_repurchase_remaining"": NaN, ""repo_type"": ""buyout"", ""trade_date"": ""2021-03-01T00:00:00"", ""new_industry"": ""大型银行"", ""new_age"": ""14d""}, {""industry"": ""大行及政策行"", ""symbol"": ""OR021"", ""repurchase_rate"": NaN, ""deextrema_repurchase_rate"": NaN, ""repurchase_amount"": NaN, ""rev_repurchase_rate"": NaN, ""deextrema_rev_repurchase_rate"": NaN, ""rev_repurchase_amount"": NaN, ""net_financing_in_amount"": NaN, ""repurchase_remaining"": NaN, ""rev_repurchase_remaining"": NaN, ""repo_type"": ""buyout"", ""trade_date"": ""2021-03-01T00:00:00"", ""new_industry"": ""大型银行"", ""new_age"": "">14d""}, {""industry"": ""大行及政策行"", ""symbol"": ""OR1M"", ""repurchase_rate"": NaN, ""deextrema_repurchase_rate"": NaN, ""repurchase_amount"": NaN, ""rev_repurchase_rate"": NaN, ""deextrema_rev_repurchase_rate"": NaN, ""rev_repurchase_amount"": NaN, ""net_financing_in_amount"": NaN, ""repurchase_remaining"": NaN, ""rev_repurchase_remaining"": NaN, ""repo_type"": ""buyout"", ""trade_date"": ""2021-03-01T00:00:00"", ""new_industry"": ""大型银行"", ""new_age"": "">14d""}]","{""args"": [""2010-01-01"", ""2030-01-01""], ""kwargs"": {}}"
wbdata,fetch_cfets_repo_item,blocked_source_missing,missing mysql tables: cfets_repo_item,unknown,0,[],{},null,"{""args"": [], ""kwargs"": {}}"
wbdata,fetch_cfets_repo_side,pass_has_data,ok,DataFrame,36636,"[""repurchase_rate"", ""rev_repurchase_industry"", ""repurchase_industry"", ""trade_date"", ""new_industry""]","{""repurchase_rate"": ""float64"", ""rev_repurchase_industry"": ""object"", ""repurchase_industry"": ""object"", ""trade_date"": ""datetime64[ns]"", ""new_industry"": ""object""}","[{""repurchase_rate"": 2.1541, ""rev_repurchase_industry"": ""城市商业银行"", ""repurchase_industry"": ""大型商业/政策性银行"", ""trade_date"": ""2021-03-01T00:00:00"", ""new_industry"": null}, {""repurchase_rate"": 2.1335, ""rev_repurchase_industry"": ""城市商业银行"", ""repurchase_industry"": ""城市商业银行"", ""trade_date"": ""2021-03-01T00:00:00"", ""new_industry"": null}, {""repurchase_rate"": 2.1189, ""rev_repurchase_industry"": ""城市商业银行"", ""repurchase_industry"": ""股份制商业银行"", ""trade_date"": ""2021-03-01T00:00:00"", ""new_industry"": null}, {""repurchase_rate"": 2.1607, ""rev_repurchase_industry"": ""城市商业银行"", ""repurchase_industry"": ""农村金融机构"", ""trade_date"": ""2021-03-01T00:00:00"", ""new_industry"": null}, {""repurchase_rate"": 2.1693, ""rev_repurchase_industry"": ""城市商业银行"", ""repurchase_industry"": ""其他"", ""trade_date"": ""2021-03-01T00:00:00"", ""new_industry"": null}]","{""args"": [""2010-01-01"", ""2030-01-01""], ""kwargs"": {}}"
wbdata,fetch_clean_quote,blocked_source_missing,missing mysql tables: clean_bond_quote,unknown,0,[],{},null,"{""args"": [], ""kwargs"": {}}"
wbdata,fetch_clean_transaction,pass_has_data,ok,DataFrame,160721,"[""id"", ""short_name"", ""side"", ""settl_date"", ""strike_price"", ""symbol"", ""yield"", ""transact_time"", ""security_type"", ""trade_date"", ""seq_no"", ""create_time"", ""is_vaild"", ""cleanup_reason"", ""strike_price_before"", ""strike_price_after"", ""price_recalc_ok""]","{""id"": ""object"", ""short_name"": ""object"", ""side"": ""object"", ""settl_date"": ""object"", ""strike_price"": ""float64"", ""symbol"": ""object"", ""yield"": ""float64"", ""transact_time"": ""datetime64[ns]"", ""security_type"": ""object"", ""trade_date"": ""datetime64[ns]"", ""seq_no"": ""int64"", ""create_time"": ""datetime64[ns]"", ""is_vaild"": ""int64"", ""cleanup_reason"": ""object"", ""strike_price_before"": ""object"", ""strike_price_after"": ""object"", ""price_recalc_ok"": ""object""}","[{""id"": ""2024-12-2310700"", ""short_name"": ""24附息国债11"", ""side"": ""Y"", ""settl_date"": null, ""strike_price"": 105.2597, ""symbol"": ""240011.IB"", ""yield"": 1.6645, ""transact_time"": ""2024-12-23T09:18:49"", ""security_type"": ""--"", ""trade_date"": ""2024-12-23T00:00:00"", ""seq_no"": 0, ""create_time"": ""2024-12-23T09:18:49"", ""is_vaild"": 1, ""cleanup_reason"": null, ""strike_price_before"": null, ""strike_price_after"": null, ""price_recalc_ok"": null}, {""id"": ""2024-12-2310705"", ""short_name"": ""24附息国债11"", ""side"": ""Y"", ""settl_date"": null, ""strike_price"": 105.2597, ""symbol"": ""240011.IB"", ""yield"": 1.6645, ""transact_time"": ""2024-12-23T09:18:49"", ""security_type"": ""国利"", ""trade_date"": ""2024-12-23T00:00:00"", ""seq_no"": 0, ""create_time"": ""2024-12-23T09:18:49"", ""is_vaild"": 1, ""cleanup_reason"": null, ""strike_price_before"": null, ""strike_price_after"": null, ""price_recalc_ok"": null}, {""id"": ""2024-12-2310715"", ""short_name"": ""24附息国债11"", ""side"": ""Y"", ""settl_date"": null, ""strike_price"": 105.2597, ""symbol"": ""240011.IB"", ""yield"": 1.6645, ""transact_time"": ""2024-12-23T09:18:55"", ""security_type"": ""--"", ""trade_date"": ""2024-12-23T00:00:00"", ""seq_no"": 0, ""create_time"": ""2024-12-23T09:18:55"", ""is_vaild"": 1, ""cleanup_reason"": null, ""strike_price_before"": null, ""strike_price_after"": null, ""price_recalc_ok"": null}, {""id"": ""2024-12-2310720"", ""short_name"": ""24附息国债11"", ""side"": ""Y"", ""settl_date"": null, ""strike_price"": 105.2597, ""symbol"": ""240011.IB"", ""yield"": 1.6645, ""transact_time"": ""2024-12-23T09:18:55"", ""security_type"": ""国利"", ""trade_date"": ""2024-12-23T00:00:00"", ""seq_no"": 0, ""create_time"": ""2024-12-23T09:18:55"", ""is_vaild"": 1, ""cleanup_reason"": null, ""strike_price_before"": null, ""strike_price_after"": null, ""price_recalc_ok"": null}, {""id"": ""2024-12-2311569"", ""short_name"": ""24附息国债11"", ""side"": ""Y"", ""settl_date"": null, ""strike_price"": 105.2597, ""symbol"": ""240011.IB"", ""yield"": 1.6645, ""transact_time"": ""2024-12-23T09:21:43"", ""security_type"": ""--"", ""trade_date"": ""2024-12-23T00:00:00"", ""seq_no"": 0, ""create_time"": ""2024-12-23T09:21:43"", ""is_vaild"": 1, ""cleanup_reason"": null, ""strike_price_before"": null, ""strike_price_after"": null, ""price_recalc_ok"": null}]","{""args"": [""240011.IB"", ""2010-01-01"", ""2030-01-01""], ""kwargs"": {}}"
wbdata,fetch_realtime_bid,pass_has_data,ok,DataFrame,432,"[""age_limit"", ""symbol"", ""short_name"", ""bid_vol"", ""bid_yield"", ""ofr_yield"", ""ofr_vol"", ""cfets_valuation"", ""agent"", ""trade_date"", ""coupon_rate"", ""credit""]","{""age_limit"": ""object"", ""symbol"": ""object"", ""short_name"": ""object"", ""bid_vol"": ""float64"", ""bid_yield"": ""float64"", ""ofr_yield"": ""float64"", ""ofr_vol"": ""float64"", ""cfets_valuation"": ""object"", ""agent"": ""object"", ""trade_date"": ""object"", ""coupon_rate"": ""int64"", ""credit"": ""object""}","[{""age_limit"": ""8.28Y"", ""symbol"": ""240011.IB"", ""short_name"": ""24附息国债11"", ""bid_vol"": 1000.0, ""bid_yield"": 1.74, ""ofr_yield"": 0.0, ""ofr_vol"": 0.0, ""cfets_valuation"": ""1.7225"", ""agent"": ""--"", ""trade_date"": ""2026-02-11 08:40:50"", ""coupon_rate"": 2, ""credit"": ""--""}, {""age_limit"": ""8.28Y"", ""symbol"": ""240011.IB"", ""short_name"": ""24附息国债11"", ""bid_vol"": 0.0, ""bid_yield"": 1.74, ""ofr_yield"": 1.715, ""ofr_vol"": 0.0, ""cfets_valuation"": ""1.7225"", ""agent"": ""国利"", ""trade_date"": ""2026-02-11 08:51:33"", ""coupon_rate"": 2, ""credit"": ""--""}, {""age_limit"": ""8.28Y"", ""symbol"": ""240011.IB"", ""short_name"": ""24附息国债11"", ""bid_vol"": 5000.0, ""bid_yield"": 1.725, ""ofr_yield"": 0.0, ""ofr_vol"": 0.0, ""cfets_valuation"": ""1.7225"", ""agent"": ""国际"", ""trade_date"": ""2026-02-11 08:52:45"", ""coupon_rate"": 2, ""credit"": ""--""}, {""age_limit"": ""8.28Y"", ""symbol"": ""240011.IB"", ""short_name"": ""24附息国债11"", ""bid_vol"": 10000.0, ""bid_yield"": 0.0, ""ofr_yield"": 0.0, ""ofr_vol"": 0.0, ""cfets_valuation"": ""1.7225"", ""agent"": ""上田"", ""trade_date"": ""2026-02-11 08:54:15"", ""coupon_rate"": 2, ""credit"": ""--""}, {""age_limit"": ""8.28Y"", ""symbol"": ""240011.IB"", ""short_name"": ""24附息国债11"", ""bid_vol"": 0.0, ""bid_yield"": 0.0, ""ofr_yield"": 1.7125, ""ofr_vol"": 3000.0, ""cfets_valuation"": ""1.7225"", ""agent"": ""中诚"", ""trade_date"": ""2026-02-11 08:55:44"", ""coupon_rate"": 2, ""credit"": ""--""}]","{""args"": [""240011.IB""], ""kwargs"": {}}"
wbdata,fetch_realtime_min,blocked_source_missing,missing mysql tables: realtime_min1,unknown,0,[],{},null,"{""args"": [], ""kwargs"": {}}"
wbdata,fetch_realtime_transaction,pass_has_data,ok,DataFrame,44,"[""symbol"", ""side"", ""settl_date"", ""strike_price"", ""yield"", ""transact_time"", ""security_type"", ""trade_date"", ""create_time"", ""seq_no"", ""is_vaild""]","{""symbol"": ""object"", ""side"": ""object"", ""settl_date"": ""object"", ""strike_price"": ""float64"", ""yield"": ""float64"", ""transact_time"": ""datetime64[ns]"", ""security_type"": ""object"", ""trade_date"": ""object"", ""create_time"": ""datetime64[ns]"", ""seq_no"": ""int64"", ""is_vaild"": ""int64""}","[{""symbol"": ""240011.IB"", ""side"": ""Y"", ""settl_date"": null, ""strike_price"": 104.26801582218114, ""yield"": 1.715, ""transact_time"": ""2026-02-11T10:02:32"", ""security_type"": ""国利"", ""trade_date"": ""2026-02-11"", ""create_time"": ""2026-02-11T10:02:32"", ""seq_no"": 0, ""is_vaild"": 1}, {""symbol"": ""240011.IB"", ""side"": ""Y"", ""settl_date"": null, ""strike_price"": 104.26801582218114, ""yield"": 1.715, ""transact_time"": ""2026-02-11T10:02:32"", ""security_type"": ""国际"", ""trade_date"": ""2026-02-11"", ""create_time"": ""2026-02-11T10:02:32"", ""seq_no"": 0, ""is_vaild"": 1}, {""symbol"": ""240011.IB"", ""side"": ""Y"", ""settl_date"": null, ""strike_price"": 104.26801582218114, ""yield"": 1.715, ""transact_time"": ""2026-02-11T10:03:21"", ""security_type"": ""中诚"", ""trade_date"": ""2026-02-11"", ""create_time"": ""2026-02-11T10:03:21"", ""seq_no"": 0, ""is_vaild"": 1}, {""symbol"": ""240011.IB"", ""side"": ""Y"", ""settl_date"": null, ""strike_price"": 104.26801582218114, ""yield"": 1.715, ""transact_time"": ""2026-02-11T10:03:21"", ""security_type"": ""国际"", ""trade_date"": ""2026-02-11"", ""create_time"": ""2026-02-11T10:03:21"", ""seq_no"": 0, ""is_vaild"": 1}, {""symbol"": ""240011.IB"", ""side"": ""Y"", ""settl_date"": null, ""strike_price"": 104.26801582218114, ""yield"": 1.715, ""transact_time"": ""2026-02-11T10:04:22"", ""security_type"": ""中诚"", ""trade_date"": ""2026-02-11"", ""create_time"": ""2026-02-11T10:04:22"", ""seq_no"": 0, ""is_vaild"": 1}]","{""args"": [""240011.IB""], ""kwargs"": {}}"
wbdata,fetch_settlement_bond_day,pass_has_data,ok,DataFrame,37,"[""open_price"", ""high_price"", ""low_price"", ""close_price"", ""open_yield"", ""high_yield"", ""low_yield"", ""close_yield"", ""vol"", ""tkn_vol"", ""gvn_vol"", ""trade_vol"", ""quote_vol"", ""symbol"", ""trade_date"", ""pre_date"", ""is_vaild""]","{""open_price"": ""float64"", ""high_price"": ""float64"", ""low_price"": ""float64"", ""close_price"": ""float64"", ""open_yield"": ""float64"", ""high_yield"": ""float64"", ""low_yield"": ""float64"", ""close_yield"": ""float64"", ""vol"": ""int64"", ""tkn_vol"": ""int64"", ""gvn_vol"": ""int64"", ""trade_vol"": ""int64"", ""quote_vol"": ""int64"", ""symbol"": ""object"", ""trade_date"": ""datetime64[ns]"", ""pre_date"": ""datetime64[ns]"", ""is_vaild"": ""int64""}","[{""open_price"": 105.5763, ""high_price"": 105.6206, ""low_price"": 105.3334, ""close_price"": 105.4613, ""open_yield"": 1.62, ""high_yield"": 1.647, ""low_yield"": 1.615, ""close_yield"": 1.6325, ""vol"": 1, ""tkn_vol"": 0, ""gvn_vol"": 0, ""trade_vol"": 0, ""quote_vol"": 0, ""symbol"": ""240011.IB"", ""trade_date"": ""2025-02-14T00:00:00"", ""pre_date"": ""2025-02-14T00:00:00"", ""is_vaild"": 1}, {""open_price"": 104.8579, ""high_price"": 105.1868, ""low_price"": 104.2459, ""close_price"": 104.3329, ""open_yield"": 1.705, ""high_yield"": 1.77, ""low_yield"": 1.683, ""close_yield"": 1.76, ""vol"": 1, ""tkn_vol"": 0, ""gvn_vol"": 0, ""trade_vol"": 0, ""quote_vol"": 0, ""symbol"": ""240011.IB"", ""trade_date"": ""2025-02-24T00:00:00"", ""pre_date"": ""2025-02-24T00:00:00"", ""is_vaild"": 1}, {""open_price"": 103.816, ""high_price"": 104.2261, ""low_price"": 103.362, ""close_price"": 103.6623, ""open_yield"": 1.8175, ""high_yield"": 1.87, ""low_yield"": 1.77, ""close_yield"": 1.835, ""vol"": 1, ""tkn_vol"": 6574856, ""gvn_vol"": 6574856, ""trade_vol"": 6574856, ""quote_vol"": 6574856, ""symbol"": ""240011.IB"", ""trade_date"": ""2025-03-14T00:00:00"", ""pre_date"": ""2025-03-14T00:00:00"", ""is_vaild"": 1}, {""open_price"": 103.3825, ""high_price"": 103.7473, ""low_price"": 103.1006, ""close_price"": 103.3945, ""open_yield"": 1.87, ""high_yield"": 1.9, ""low_yield"": 1.8325, ""close_yield"": 1.866, ""vol"": 1, ""tkn_vol"": 0, ""gvn_vol"": 0, ""trade_vol"": 0, ""quote_vol"": 0, ""symbol"": ""240011.IB"", ""trade_date"": ""2025-03-18T00:00:00"", ""pre_date"": ""2025-03-18T00:00:00"", ""is_vaild"": 1}, {""open_price"": 103.7872, ""high_price"": 103.9162, ""low_price"": 103.2515, ""close_price"": 103.6768, ""open_yield"": 1.82, ""high_yield"": 1.8825, ""low_yield"": 1.805, ""close_yield"": 1.8325, ""vol"": 1, ""tkn_vol"": 5151331, ""gvn_vol"": 5151331, ""trade_vol"": 5151331, ""quote_vol"": 5151331, ""symbol"": ""240011.IB"", ""trade_date"": ""2025-03-21T00:00:00"", ""pre_date"": ""2025-03-21T00:00:00"", ""is_vaild"": 1}]","{""args"": [""240011.IB"", ""2010-01-01"", ""2030-01-01""], ""kwargs"": {}}"
wbdata,fetch_wind_indicators,pass_empty,ok,DataFrame,0,"[""R001_yield"", ""R001_volume"", ""R007_yield"", ""R007_volume"", ""DR001_yield"", ""DR007_yield"", ""trade_date""]","{""R001_yield"": ""object"", ""R001_volume"": ""object"", ""R007_yield"": ""object"", ""R007_volume"": ""object"", ""DR001_yield"": ""object"", ""DR007_yield"": ""object"", ""trade_date"": ""object""}",[],"{""args"": [""all"", ""2010-01-01"", ""2030-01-01""], ""kwargs"": {}}"
wbdata,fetch_yc_valuation,pass_empty,ok,DataFrame,0,"[""trade_date"", ""bond_type"", ""age"", ""id"", ""valuation""]","{""trade_date"": ""object"", ""bond_type"": ""object"", ""age"": ""object"", ""id"": ""object"", ""valuation"": ""object""}",[],"{""args"": [""240011.IB"", ""2010-01-01"", ""2030-01-01""], ""kwargs"": {}}"
wbdata,fetch_zz_bond_valuation,error_runtime,"timeout_skip_30s: OperationalError: (pymysql.err.OperationalError) (2013, 'Lost connection to MySQL server during query (function call exceeded 30 seconds)')
[SQL: SELECT * FROM zz_bond_valuation_ib WHERE symbol in ('240011.IB') and trade_date>='2010-01-01' and trade_date<='2030-01-01']
(Background on this error at: https://sqlalche.me/e/20/e3q8)",unknown,0,[],{},null,"{""args"": [""240011.IB"", ""2010-01-01"", ""2030-01-01""], ""kwargs"": {}}"
wbdata,fetch_zz_index,pass_empty,ok,DataFrame,0,"[""index"", ""trade_date"", ""short_name"", ""age_limit"", ""price_caifu"", ""price_dirty"", ""price_clean"", ""duration_mkvalue"", ""duration_cashflow"", ""convex_mkvalue"", ""convex_cashflow"", ""ytm_cashflow"", ""bpvalue"", ""avg_age_limit"", ""avg_coupon"", ""mkvalue"", ""pct_caifu"", ""pct_dirty"", ""pct_clean"", ""ytm_mkvalue"", ""deal_amount"", ""symbol_caifu"", ""symbol_dirty"", ""symbol_clean"", ""cash"", ""symbol_amount""]","{""index"": ""object"", ""trade_date"": ""object"", ""short_name"": ""object"", ""age_limit"": ""object"", ""price_caifu"": ""object"", ""price_dirty"": ""object"", ""price_clean"": ""object"", ""duration_mkvalue"": ""object"", ""duration_cashflow"": ""object"", ""convex_mkvalue"": ""object"", ""convex_cashflow"": ""object"", ""ytm_cashflow"": ""object"", ""bpvalue"": ""object"", ""avg_age_limit"": ""object"", ""avg_coupon"": ""object"", ""mkvalue"": ""object"", ""pct_caifu"": ""object"", ""pct_dirty"": ""object"", ""pct_clean"": ""object"", ""ytm_mkvalue"": ""object"", ""deal_amount"": ""object"", ""symbol_caifu"": ""object"", ""symbol_dirty"": ""object"", ""symbol_clean"": ""object"", ""cash"": ""object"", ""symbol_amount"": ""object""}",[],"{""args"": [""240011.IB"", ""2010-01-01"", ""2030-01-01""], ""kwargs"": {}}"
wbdata,fetch_zz_valuation,pass_empty,ok,DataFrame,0,"[""valuation"", ""trade_date"", ""bond_type"", ""age""]","{""valuation"": ""object"", ""trade_date"": ""object"", ""bond_type"": ""object"", ""age"": ""object""}",[],"{""args"": [""240011.IB"", ""2010-01-01"", ""2030-01-01""], ""kwargs"": {}}"
wequant,fetch_ctp_future_list,pass_has_data,ok,DataFrame,14005,"[""code"", ""name"", ""exchange"", ""price_tick"", ""product_id"", ""expire_date""]","{""code"": ""object"", ""name"": ""object"", ""exchange"": ""object"", ""price_tick"": ""float64"", ""product_id"": ""object"", ""expire_date"": ""object""}","[{""code"": ""HO2311-C-2150"", ""name"": ""HO2311-C-2150"", ""exchange"": ""CFFEX"", ""price_tick"": 0.2, ""product_id"": ""HO"", ""expire_date"": ""20231117""}, {""code"": ""HO2311-C-2175"", ""name"": ""HO2311-C-2175"", ""exchange"": ""CFFEX"", ""price_tick"": 0.2, ""product_id"": ""HO"", ""expire_date"": ""20231117""}, {""code"": ""HO2311-C-2200"", ""name"": ""HO2311-C-2200"", ""exchange"": ""CFFEX"", ""price_tick"": 0.2, ""product_id"": ""HO"", ""expire_date"": ""20231117""}, {""code"": ""HO2311-C-2225"", ""name"": ""HO2311-C-2225"", ""exchange"": ""CFFEX"", ""price_tick"": 0.2, ""product_id"": ""HO"", ""expire_date"": ""20231117""}, {""code"": ""HO2311-C-2250"", ""name"": ""HO2311-C-2250"", ""exchange"": ""CFFEX"", ""price_tick"": 0.2, ""product_id"": ""HO"", ""expire_date"": ""20231117""}]","{""args"": [], ""kwargs"": {}}"
wequant,fetch_ctp_tick,pass_empty,no_data: missing mongo collections: ctp_tick,unknown,0,[],{},[],"{""args"": [], ""kwargs"": {}}"
wequant,fetch_dk_data,pass_empty,no_data: missing mongo collections: dk_data,unknown,0,[],{},[],"{""args"": [], ""kwargs"": {}}"
wequant,fetch_etf_dk,pass_empty,ok,NoneType,0,[],{},null,"{""args"": [""562800.SH"", ""2024-01-08 00:00:00"", ""2024-01-08 01:00:00""], ""kwargs"": {""frequence"": ""etf"", ""format"": ""pd"", ""collections"": ""<collection:etf_dk>""}}"
wequant,fetch_etf_list,pass_has_data,ok,DataFrame,1653,"[""code"", ""volunit"", ""decimal_point"", ""name"", ""pre_close"", ""sse"", ""sec""]","{""code"": ""object"", ""volunit"": ""int64"", ""decimal_point"": ""int64"", ""name"": ""object"", ""pre_close"": ""float64"", ""sse"": ""object"", ""sec"": ""object""}","[{""code"": ""159001"", ""volunit"": 100, ""decimal_point"": 3, ""name"": ""保证金"", ""pre_close"": 100.0, ""sse"": ""sz"", ""sec"": ""etf_cn""}, {""code"": ""159003"", ""volunit"": 100, ""decimal_point"": 3, ""name"": ""招商快线"", ""pre_close"": 100.0009994507, ""sse"": ""sz"", ""sec"": ""etf_cn""}, {""code"": ""159005"", ""volunit"": 100, ""decimal_point"": 3, ""name"": ""添富快钱"", ""pre_close"": 100.0, ""sse"": ""sz"", ""sec"": ""etf_cn""}, {""code"": ""159006"", ""volunit"": 100, ""decimal_point"": 3, ""name"": ""快钱B"", ""pre_close"": 5.877471754e-39, ""sse"": ""sz"", ""sec"": ""etf_cn""}, {""code"": ""159100"", ""volunit"": 100, ""decimal_point"": 3, ""name"": ""巴西ETF"", ""pre_close"": 1.2289999723, ""sse"": ""sz"", ""sec"": ""etf_cn""}]","{""args"": [], ""kwargs"": {}}"
wequant,fetch_etf_name,pass_has_data,ok,str,3,[],{},"""保证金""","{""args"": [""159001""], ""kwargs"": {}}"
wequant,fetch_financial_report,pass_empty,no_data: missing mongo collections: financial,unknown,0,[],{},[],"{""args"": [], ""kwargs"": {}}"
wequant,fetch_financial_report_adv,pass_empty,no_data: missing mongo collections: financial,unknown,0,[],{},[],"{""args"": [], ""kwargs"": {}}"
wequant,fetch_future_day,pass_empty,no_data: no sample date range in future_day,unknown,0,[],{},[],"{""args"": [], ""kwargs"": {}}"
wequant,fetch_future_dk,pass_has_data,ok,DataFrame,1,"[""code"", ""trade_date"", ""L_bias"", ""L_label"", ""L_switch"", ""L_value"", ""R_bias"", ""R_label"", ""R_switch"", ""R_value"", ""acitve1"", ""acitve2"", ""base_code"", ""datetime"", ""exceed1"", ""exceed2"", ""exceed3"", ""switch1"", ""switch2"", ""switch3"", ""type"", ""date""]","{""code"": ""object"", ""trade_date"": ""object"", ""L_bias"": ""float64"", ""L_label"": ""int64"", ""L_switch"": ""int64"", ""L_value"": ""float64"", ""R_bias"": ""float64"", ""R_label"": ""int64"", ""R_switch"": ""int64"", ""R_value"": ""float64"", ""acitve1"": ""int64"", ""acitve2"": ""int64"", ""base_code"": ""object"", ""datetime"": ""object"", ""exceed1"": ""int64"", ""exceed2"": ""int64"", ""exceed3"": ""int64"", ""switch1"": ""float64"", ""switch2"": ""int64"", ""switch3"": ""int64"", ""type"": ""object"", ""date"": ""datetime64[ns]""}","[{""code"": ""ZS8073"", ""trade_date"": ""20240108"", ""L_bias"": 0.0, ""L_label"": 1, ""L_switch"": 0, ""L_value"": 8976.36, ""R_bias"": 0.0, ""R_label"": 0, ""R_switch"": 0, ""R_value"": 10395.2, ""acitve1"": 0, ""acitve2"": 0, ""base_code"": ""ZS8073"", ""datetime"": ""20240108"", ""exceed1"": 0, ""exceed2"": 0, ""exceed3"": 0, ""switch1"": 0.0, ""switch2"": 0, ""switch3"": 0, ""type"": ""future"", ""date"": ""2024-01-08T00:00:00""}]","{""args"": [""ZS8073"", ""2024-01-08 00:00:00"", ""2024-01-08 01:00:00""], ""kwargs"": {""frequence"": ""future"", ""format"": ""pd"", ""collections"": ""<collection:future_dk>""}}"
wequant,fetch_future_list,pass_has_data,ok,DataFrame,2914,"[""category"", ""market"", ""code"", ""name"", ""desc""]","{""category"": ""int64"", ""market"": ""int64"", ""code"": ""object"", ""name"": ""object"", ""desc"": ""object""}","[{""category"": 3, ""market"": 30, ""code"": ""ZNL9"", ""name"": ""沪锌指数"", ""desc"": """"}, {""category"": 3, ""market"": 29, ""code"": ""FB2305"", ""name"": ""纤板2305"", ""desc"": """"}, {""category"": 3, ""market"": 29, ""code"": ""FB2306"", ""name"": ""纤板2306"", ""desc"": """"}, {""category"": 3, ""market"": 29, ""code"": ""FB2307"", ""name"": ""纤板2307"", ""desc"": """"}, {""category"": 3, ""market"": 29, ""code"": ""FB2308"", ""name"": ""纤板2308"", ""desc"": """"}]","{""args"": [], ""kwargs"": {}}"
wequant,fetch_future_min,pass_empty,ok,DataFrame,0,"[""code"", ""open"", ""high"", ""low"", ""close"", ""position"", ""price"", ""trade"", ""datetime"", ""tradetime"", ""time_stamp"", ""date"", ""type""]","{""code"": ""object"", ""open"": ""object"", ""high"": ""object"", ""low"": ""object"", ""close"": ""object"", ""position"": ""object"", ""price"": ""object"", ""trade"": ""object"", ""datetime"": ""datetime64[ns]"", ""tradetime"": ""object"", ""time_stamp"": ""object"", ""date"": ""object"", ""type"": ""object""}",[],"{""args"": [""RUL8"", ""2015-01-04 16:00:00"", ""2015-01-04 17:00:00""], ""kwargs"": {""frequence"": ""1min"", ""format"": ""pd"", ""collections"": ""<collection:future_min>""}}"
wequant,fetch_future_tick,error_runtime,NotImplementedError: ,unknown,0,[],{},null,"{""args"": [], ""kwargs"": {}}"
wequant,fetch_get_hkstock_list,pass_has_data,ok,DataFrame,204,"[""code"", ""name""]","{""code"": ""object"", ""name"": ""object""}","[{""code"": ""00003"", ""name"": ""00003""}, {""code"": ""00005"", ""name"": ""00005""}, {""code"": ""00020"", ""name"": ""00020""}, {""code"": ""00027"", ""name"": ""00027""}, {""code"": ""00029"", ""name"": ""00029""}]","{""args"": [], ""kwargs"": {}}"
wequant,fetch_hkstock_day,pass_empty,no_data: no sample date range in hkstock_day,unknown,0,[],{},[],"{""args"": [], ""kwargs"": {}}"
wequant,fetch_hkstock_dk,pass_empty,ok,NoneType,0,[],{},null,"{""args"": [""000003"", ""2024-01-11 00:00:00"", ""2024-01-11 01:00:00""], ""kwargs"": {""frequence"": ""day"", ""format"": ""pd"", ""collections"": ""<collection:hkstock_dk>""}}"
wequant,fetch_index_day,pass_empty,ok,NoneType,0,[],{},null,"{""args"": [""395001"", ""1990-12-18 16:00:00"", ""1990-12-18 17:00:00""], ""kwargs"": {""format"": ""pd"", ""collections"": ""<collection:index_day>""}}"
wequant,fetch_index_day_adv,pass_empty,ok,NoneType,0,[],{},null,"{""args"": [""395001"", ""1990-12-18 16:00:00"", ""1990-12-18 17:00:00""], ""kwargs"": {""collections"": ""<collection:index_day>""}}"
wequant,fetch_index_dk,pass_has_data,ok,DataFrame,1,"[""code"", ""trade_date"", ""L_bias"", ""L_label"", ""L_switch"", ""L_value"", ""R_bias"", ""R_label"", ""R_switch"", ""R_value"", ""acitve1"", ""acitve2"", ""base_code"", ""datetime"", ""exceed1"", ""exceed2"", ""exceed3"", ""switch1"", ""switch2"", ""switch3"", ""type"", ""date""]","{""code"": ""object"", ""trade_date"": ""object"", ""L_bias"": ""float64"", ""L_label"": ""int64"", ""L_switch"": ""int64"", ""L_value"": ""float64"", ""R_bias"": ""float64"", ""R_label"": ""int64"", ""R_switch"": ""int64"", ""R_value"": ""float64"", ""acitve1"": ""int64"", ""acitve2"": ""int64"", ""base_code"": ""object"", ""datetime"": ""object"", ""exceed1"": ""int64"", ""exceed2"": ""int64"", ""exceed3"": ""int64"", ""switch1"": ""float64"", ""switch2"": ""int64"", ""switch3"": ""int64"", ""type"": ""object"", ""date"": ""datetime64[ns]""}","[{""code"": ""000905.SH"", ""trade_date"": ""20240108"", ""L_bias"": 0.0, ""L_label"": 1, ""L_switch"": 0, ""L_value"": 5262.12, ""R_bias"": 0.0, ""R_label"": 0, ""R_switch"": 0, ""R_value"": 5841.37, ""acitve1"": 0, ""acitve2"": 0, ""base_code"": ""000905"", ""datetime"": ""20240108"", ""exceed1"": 0, ""exceed2"": 0, ""exceed3"": 0, ""switch1"": 0.0, ""switch2"": 0, ""switch3"": 0, ""type"": ""index"", ""date"": ""2024-01-08T00:00:00""}]","{""args"": [""000905.SH"", ""2024-01-08 00:00:00"", ""2024-01-08 01:00:00""], ""kwargs"": {""frequence"": ""index"", ""format"": ""pd"", ""collections"": ""<collection:index_dk>""}}"
wequant,fetch_index_list,pass_has_data,ok,DataFrame,1223,"[""code"", ""volunit"", ""decimal_point"", ""name"", ""pre_close"", ""sse"", ""sec""]","{""code"": ""object"", ""volunit"": ""int64"", ""decimal_point"": ""int64"", ""name"": ""object"", ""pre_close"": ""float64"", ""sse"": ""object"", ""sec"": ""object""}","[{""code"": ""000001"", ""volunit"": 100, ""decimal_point"": 2, ""name"": ""上证指数"", ""pre_close"": 3834.8908691406, ""sse"": ""sh"", ""sec"": ""index_cn""}, {""code"": ""000002"", ""volunit"": 100, ""decimal_point"": 2, ""name"": ""Ａ股指数"", ""pre_close"": 4020.7895507812, ""sse"": ""sh"", ""sec"": ""index_cn""}, {""code"": ""000003"", ""volunit"": 100, ""decimal_point"": 2, ""name"": ""Ｂ股指数"", ""pre_close"": 249.4519042969, ""sse"": ""sh"", ""sec"": ""index_cn""}, {""code"": ""000004"", ""volunit"": 100, ""decimal_point"": 2, ""name"": ""工业指数"", ""pre_close"": 3411.3957519531, ""sse"": ""sh"", ""sec"": ""index_cn""}, {""code"": ""000005"", ""volunit"": 100, ""decimal_point"": 2, ""name"": ""商业指数"", ""pre_close"": 2831.0009765625, ""sse"": ""sh"", ""sec"": ""index_cn""}]","{""args"": [], ""kwargs"": {}}"
wequant,fetch_index_min,pass_empty,ok,NoneType,0,[],{},null,"{""args"": [""000001"", ""2015-01-04 16:00:00"", ""2015-01-04 17:00:00""], ""kwargs"": {""frequence"": ""1min"", ""format"": ""pd"", ""collections"": ""<collection:index_min>""}}"
wequant,fetch_index_name,pass_has_data,ok,str,4,[],{},"""上证指数""","{""args"": [""000001""], ""kwargs"": {}}"
wequant,fetch_index_transaction,pass_empty,no_data: missing mongo collections: index_transaction,unknown,0,[],{},[],"{""args"": [], ""kwargs"": {}}"
wequant,fetch_index_transaction_adv,pass_empty,no_data: missing mongo collections: index_transaction,unknown,0,[],{},[],"{""args"": [], ""kwargs"": {}}"
wequant,fetch_lhb,pass_empty,no_data: missing mongo collections: lhb,unknown,0,[],{},[],"{""args"": [], ""kwargs"": {}}"
wequant,fetch_lof_dk,pass_empty,ok,NoneType,0,[],{},null,"{""args"": [""160513.SZ"", ""2024-01-08 00:00:00"", ""2024-01-08 01:00:00""], ""kwargs"": {""frequence"": ""lof"", ""format"": ""pd"", ""collections"": ""<collection:lof_dk>""}}"
wequant,fetch_quotation,pass_empty,no_data: cannot parse date from realtime_future_list,unknown,0,[],{},[],"{""args"": [], ""kwargs"": {}}"
wequant,fetch_quotations,pass_empty,no_data: cannot parse date from realtime_future_list,unknown,0,[],{},[],"{""args"": [], ""kwargs"": {}}"
wequant,fetch_reits_dk,pass_empty,ok,NoneType,0,[],{},null,"{""args"": [""180301.SH"", ""2024-09-09 00:00:00"", ""2024-09-09 01:00:00""], ""kwargs"": {""frequence"": ""reits"", ""format"": ""pd"", ""collections"": ""<collection:reits_dk>""}}"
wequant,fetch_stock_adj,pass_empty,ok,NoneType,0,[],{},null,"{""args"": [""000587"", ""1990-12-19"", ""1991-01-18""], ""kwargs"": {""format"": ""pd"", ""collections"": ""<collection:stock_adj>""}}"
wequant,fetch_stock_block,pass_empty,no_data: no sample code in stock_block,unknown,0,[],{},[],"{""args"": [], ""kwargs"": {}}"
wequant,fetch_stock_block_history,pass_has_data,ok,DataFrame,56,"[""updateDate"", ""code"", ""code_name"", ""blockname"", ""type"", ""source""]","{""updateDate"": ""object"", ""code"": ""object"", ""code_name"": ""object"", ""blockname"": ""object"", ""type"": ""object"", ""source"": ""object""}","[{""updateDate"": ""2022-08-01"", ""code"": ""600010"", ""code_name"": ""包钢股份"", ""blockname"": ""sz50"", ""type"": ""gn"", ""source"": ""baostock""}, {""updateDate"": ""2022-08-01"", ""code"": ""600010"", ""code_name"": ""包钢股份"", ""blockname"": ""hs300"", ""type"": ""gn"", ""source"": ""baostock""}, {""updateDate"": ""2022-08-01"", ""code"": ""600010"", ""code_name"": ""包钢股份"", ""blockname"": ""上证180"", ""type"": ""index"", ""source"": ""tdx""}, {""updateDate"": ""2022-08-01"", ""code"": ""600010"", ""code_name"": ""包钢股份"", ""blockname"": ""上证50"", ""type"": ""index"", ""source"": ""tdx""}, {""updateDate"": ""2022-08-01"", ""code"": ""600010"", ""code_name"": ""包钢股份"", ""blockname"": ""180R成长"", ""type"": ""index"", ""source"": ""tdx""}]","{""args"": [""600010"", ""2022-08-01"", ""2022-08-01""], ""kwargs"": {}}"
wequant,fetch_stock_block_slice_history,pass_has_data,ok,DataFrame,7,"[""block_code"", ""into_date"", ""out_date"", ""code"", ""block_name""]","{""block_code"": ""object"", ""into_date"": ""object"", ""out_date"": ""object"", ""code"": ""object"", ""block_name"": ""object""}","[{""block_code"": ""000005"", ""into_date"": ""1993-06-01"", ""out_date"": ""2023-04-28"", ""code"": ""600616"", ""block_name"": ""商业指数""}, {""block_code"": ""000019"", ""into_date"": ""2008-01-02"", ""out_date"": ""2018-06-11"", ""code"": ""600616"", ""block_name"": ""治理指数""}, {""block_code"": ""000019"", ""into_date"": ""2022-12-12"", ""out_date"": ""2023-04-28"", ""code"": ""600616"", ""block_name"": ""治理指数""}, {""block_code"": ""000865"", ""into_date"": ""2017-01-09"", ""out_date"": ""2023-04-28"", ""code"": ""600616"", ""block_name"": ""上海国企""}, {""block_code"": ""399427"", ""into_date"": ""2019-03-11"", ""out_date"": ""2019-06-17"", ""code"": ""600616"", ""block_name"": ""专利领先""}]","{""args"": [""600616""], ""kwargs"": {}}"
wequant,fetch_stock_day,pass_empty,ok,NoneType,0,[],{},null,"{""args"": [""000001"", ""1990-12-18 16:00:00"", ""1990-12-18 17:00:00""], ""kwargs"": {""frequence"": ""day"", ""format"": ""pd"", ""collections"": ""<collection:stock_day>""}}"
wequant,fetch_stock_day_adv,pass_empty,ok,NoneType,0,[],{},null,"{""args"": [""000001"", ""1990-12-18 16:00:00"", ""1990-12-18 17:00:00""], ""kwargs"": {""collections"": ""<collection:stock_day>""}}"
wequant,fetch_stock_divyield,pass_empty,no_data: missing mongo collections: stock_divyield,unknown,0,[],{},[],"{""args"": [], ""kwargs"": {}}"
wequant,fetch_stock_dk,pass_has_data,ok,DataFrame,1,"[""code"", ""trade_date"", ""L_bias"", ""L_label"", ""L_switch"", ""L_value"", ""R_bias"", ""R_label"", ""R_switch"", ""R_value"", ""acitve1"", ""acitve2"", ""base_code"", ""datetime"", ""exceed1"", ""exceed2"", ""exceed3"", ""switch1"", ""switch2"", ""switch3"", ""type"", ""date""]","{""code"": ""object"", ""trade_date"": ""object"", ""L_bias"": ""float64"", ""L_label"": ""int64"", ""L_switch"": ""int64"", ""L_value"": ""float64"", ""R_bias"": ""float64"", ""R_label"": ""int64"", ""R_switch"": ""int64"", ""R_value"": ""float64"", ""acitve1"": ""int64"", ""acitve2"": ""int64"", ""base_code"": ""object"", ""datetime"": ""object"", ""exceed1"": ""int64"", ""exceed2"": ""int64"", ""exceed3"": ""int64"", ""switch1"": ""float64"", ""switch2"": ""int64"", ""switch3"": ""int64"", ""type"": ""object"", ""date"": ""datetime64[ns]""}","[{""code"": ""600330.SH"", ""trade_date"": ""20240108"", ""L_bias"": 0.0, ""L_label"": 1, ""L_switch"": 0, ""L_value"": 8.17, ""R_bias"": 0.0, ""R_label"": 0, ""R_switch"": 0, ""R_value"": 9.97, ""acitve1"": 0, ""acitve2"": 2, ""base_code"": ""600330"", ""datetime"": ""20240108"", ""exceed1"": 0, ""exceed2"": -1, ""exceed3"": 0, ""switch1"": -0.038, ""switch2"": 0, ""switch3"": 0, ""type"": ""stock"", ""date"": ""2024-01-08T00:00:00""}]","{""args"": [""600330.SH"", ""2024-01-08 00:00:00"", ""2024-01-08 01:00:00""], ""kwargs"": {""frequence"": ""day"", ""format"": ""pd"", ""collections"": ""<collection:stock_dk>""}}"
wequant,fetch_stock_dk_adv,pass_has_data,ok,QA_DataStruct_DK_day,1,"[""trade_date"", ""L_bias"", ""L_label"", ""L_switch"", ""L_value"", ""R_bias"", ""R_label"", ""R_switch"", ""R_value"", ""acitve1"", ""acitve2"", ""base_code"", ""datetime"", ""exceed1"", ""exceed2"", ""exceed3"", ""switch1"", ""switch2"", ""switch3"", ""type""]","{""trade_date"": ""object"", ""L_bias"": ""float64"", ""L_label"": ""int64"", ""L_switch"": ""int64"", ""L_value"": ""float64"", ""R_bias"": ""float64"", ""R_label"": ""int64"", ""R_switch"": ""int64"", ""R_value"": ""float64"", ""acitve1"": ""int64"", ""acitve2"": ""int64"", ""base_code"": ""object"", ""datetime"": ""object"", ""exceed1"": ""int64"", ""exceed2"": ""int64"", ""exceed3"": ""int64"", ""switch1"": ""float64"", ""switch2"": ""int64"", ""switch3"": ""int64"", ""type"": ""object""}","[{""trade_date"": ""20240108"", ""L_bias"": 0.0, ""L_label"": 1, ""L_switch"": 0, ""L_value"": 8.17, ""R_bias"": 0.0, ""R_label"": 0, ""R_switch"": 0, ""R_value"": 9.97, ""acitve1"": 0, ""acitve2"": 2, ""base_code"": ""600330"", ""datetime"": ""20240108"", ""exceed1"": 0, ""exceed2"": -1, ""exceed3"": 0, ""switch1"": -0.038, ""switch2"": 0, ""switch3"": 0, ""type"": ""stock""}]","{""args"": [""600330.SH"", ""2024-01-08 00:00:00"", ""2024-01-08 01:00:00""], ""kwargs"": {""collections"": ""<collection:stock_dk>""}}"
wequant,fetch_stock_financial_calendar,pass_empty,no_data: missing mongo collections: report_calendar,unknown,0,[],{},[],"{""args"": [], ""kwargs"": {}}"
wequant,fetch_stock_full,pass_has_data,ok,ndarray,1,[],{},"""[]""","{""args"": [""1990-12-18""], ""kwargs"": {}}"
wequant,fetch_stock_info,pass_has_data,ok,DataFrame,1,"[""market"", ""code"", ""liutongguben"", ""province"", ""industry"", ""updated_date"", ""ipo_date"", ""zongguben"", ""guojiagu"", ""faqirenfarengu"", ""farengu"", ""bgu"", ""hgu"", ""zhigonggu"", ""zongzichan"", ""liudongzichan"", ""gudingzichan"", ""wuxingzichan"", ""gudongrenshu"", ""liudongfuzhai"", ""changqifuzhai"", ""zibengongjijin"", ""jingzichan"", ""zhuyingshouru"", ""zhuyinglirun"", ""yingshouzhangkuan"", ""yingyelirun"", ""touzishouyu"", ""jingyingxianjinliu"", ""zongxianjinliu"", ""cunhuo"", ""lirunzonghe"", ""shuihoulirun"", ""jinglirun"", ""weifenpeilirun"", ""meigujingzichan"", ""baoliu2""]","{""market"": ""int64"", ""code"": ""object"", ""liutongguben"": ""float64"", ""province"": ""int64"", ""industry"": ""int64"", ""updated_date"": ""int64"", ""ipo_date"": ""int64"", ""zongguben"": ""float64"", ""guojiagu"": ""float64"", ""faqirenfarengu"": ""float64"", ""farengu"": ""float64"", ""bgu"": ""float64"", ""hgu"": ""float64"", ""zhigonggu"": ""float64"", ""zongzichan"": ""float64"", ""liudongzichan"": ""float64"", ""gudingzichan"": ""float64"", ""wuxingzichan"": ""float64"", ""gudongrenshu"": ""float64"", ""liudongfuzhai"": ""float64"", ""changqifuzhai"": ""float64"", ""zibengongjijin"": ""float64"", ""jingzichan"": ""float64"", ""zhuyingshouru"": ""float64"", ""zhuyinglirun"": ""float64"", ""yingshouzhangkuan"": ""float64"", ""yingyelirun"": ""float64"", ""touzishouyu"": ""float64"", ""jingyingxianjinliu"": ""float64"", ""zongxianjinliu"": ""float64"", ""cunhuo"": ""float64"", ""lirunzonghe"": ""float64"", ""shuihoulirun"": ""float64"", ""jinglirun"": ""float64"", ""weifenpeilirun"": ""float64"", ""meigujingzichan"": ""float64"", ""baoliu2"": ""float64""}","[{""market"": 0, ""code"": ""000001"", ""liutongguben"": 19405547500.0, ""province"": 18, ""industry"": 1, ""updated_date"": 20240420, ""ipo_date"": 19910403, ""zongguben"": 19405918750.0, ""guojiagu"": 19660000.0, ""faqirenfarengu"": 146020000000.0, ""farengu"": 450980000000.0, ""bgu"": 0.0, ""hgu"": 0.0, ""zhigonggu"": 6600.0002622604, ""zongzichan"": 57293977600000.0, ""liudongzichan"": 0.0, ""gudingzichan"": 94380000000.0, ""wuxingzichan"": 64380000000.0, ""gudongrenshu"": 567902.0, ""liudongfuzhai"": 0.0, ""changqifuzhai"": 0.0, ""zibengongjijin"": 807610000000.0, ""jingzichan"": 4855760000000.0, ""zhuyingshouru"": 387700000000.0, ""zhuyinglirun"": 202160000000.0, ""yingshouzhangkuan"": 0.0, ""yingyelirun"": 185540000000.0, ""touzishouyu"": 47020000000.0, ""jingyingxianjinliu"": -213820000000.0, ""zongxianjinliu"": 97300000000.0, ""cunhuo"": 0.0, ""lirunzonghe"": 185250000000.0, ""shuihoulirun"": 149320000000.0, ""jinglirun"": 149320000000.0, ""weifenpeilirun"": 2340270080000.0, ""meigujingzichan"": 21.4200000763, ""baoliu2"": 3.0}]","{""args"": [""000001""], ""kwargs"": {}}"
wequant,fetch_stock_list,pass_has_data,ok,DataFrame,5172,"[""code"", ""volunit"", ""decimal_point"", ""name"", ""pre_close"", ""sse"", ""sec""]","{""code"": ""object"", ""volunit"": ""int64"", ""decimal_point"": ""int64"", ""name"": ""object"", ""pre_close"": ""float64"", ""sse"": ""object"", ""sec"": ""object""}","[{""code"": ""000001"", ""volunit"": 100, ""decimal_point"": 2, ""name"": ""平安银行"", ""pre_close"": 952.0024995804, ""sse"": ""sz"", ""sec"": ""stock_cn""}, {""code"": ""000002"", ""volunit"": 100, ""decimal_point"": 2, ""name"": ""万 科Ａ"", ""pre_close"": 6.0599999428, ""sse"": ""sz"", ""sec"": ""stock_cn""}, {""code"": ""000004"", ""volunit"": 100, ""decimal_point"": 2, ""name"": ""*ST国华"", ""pre_close"": 648.0399999619, ""sse"": ""sz"", ""sec"": ""stock_cn""}, {""code"": ""000006"", ""volunit"": 100, ""decimal_point"": 2, ""name"": ""深振业Ａ"", ""pre_close"": 648.0, ""sse"": ""sz"", ""sec"": ""stock_cn""}, {""code"": ""000007"", ""volunit"": 100, ""decimal_point"": 2, ""name"": ""全新好"", ""pre_close"": 392.0, ""sse"": ""sz"", ""sec"": ""stock_cn""}]","{""args"": [], ""kwargs"": {}}"
wequant,fetch_stock_min,pass_empty,ok,NoneType,0,[],{},null,"{""args"": [""600004"", ""2015-01-04 16:00:00"", ""2015-01-04 17:00:00""], ""kwargs"": {""frequence"": ""1min"", ""format"": ""pd"", ""collections"": ""<collection:stock_min>""}}"
wequant,fetch_stock_min_adv,pass_empty,ok,NoneType,0,[],{},null,"{""args"": [""600004"", ""2015-01-04 16:00:00"", ""2015-01-04 17:00:00""], ""kwargs"": {""frequence"": ""1min"", ""collections"": ""<collection:stock_min>""}}"
wequant,fetch_stock_name,pass_has_data,ok,str,4,[],{},"""平安银行""","{""args"": [""000001""], ""kwargs"": {}}"
wequant,fetch_stock_realtime_adv,pass_empty,no_data: cannot parse date from realtime_future_list,unknown,0,[],{},[],"{""args"": [], ""kwargs"": {}}"
wequant,fetch_stock_realtime_min,pass_empty,no_data: missing realtime_kline_<date> collection,unknown,0,[],{},[],"{""args"": [], ""kwargs"": {}}"
wequant,fetch_stock_terminated,pass_empty,no_data: missing mongo collections: stock_terminated,unknown,0,[],{},[],"{""args"": [], ""kwargs"": {}}"
wequant,fetch_stock_to_market_date,pass_empty,no_data: missing mongo collections: stock_info_tushare,unknown,0,[],{},[],"{""args"": [], ""kwargs"": {}}"
wequant,fetch_stock_transaction,pass_empty,no_data: missing mongo collections: stock_transaction,unknown,0,[],{},[],"{""args"": [], ""kwargs"": {}}"
wequant,fetch_stock_transaction_adv,pass_empty,no_data: missing mongo collections: stock_transaction,unknown,0,[],{},[],"{""args"": [], ""kwargs"": {}}"
wequant,fetch_stock_xdxr,pass_has_data,ok,DataFrame,71,"[""category"", ""name"", ""fenhong"", ""peigujia"", ""songzhuangu"", ""peigu"", ""suogu"", ""liquidity_before"", ""liquidity_after"", ""shares_before"", ""shares_after"", ""fenshu"", ""xingquanjia"", ""date"", ""category_meaning"", ""code""]","{""category"": ""int64"", ""name"": ""object"", ""fenhong"": ""float64"", ""peigujia"": ""float64"", ""songzhuangu"": ""float64"", ""peigu"": ""float64"", ""suogu"": ""object"", ""liquidity_before"": ""float64"", ""liquidity_after"": ""float64"", ""shares_before"": ""float64"", ""shares_after"": ""float64"", ""fenshu"": ""object"", ""xingquanjia"": ""object"", ""date"": ""datetime64[ns]"", ""category_meaning"": ""object"", ""code"": ""object""}","[{""category"": 1, ""name"": ""除权除息"", ""fenhong"": 0.0, ""peigujia"": 3.5599999428, ""songzhuangu"": 0.0, ""peigu"": 1.0, ""suogu"": null, ""liquidity_before"": NaN, ""liquidity_after"": NaN, ""shares_before"": NaN, ""shares_after"": NaN, ""fenshu"": null, ""xingquanjia"": null, ""date"": ""1990-03-01T00:00:00"", ""category_meaning"": ""除权除息"", ""code"": ""000001""}, {""category"": 5, ""name"": ""股本变化"", ""fenhong"": NaN, ""peigujia"": NaN, ""songzhuangu"": NaN, ""peigu"": NaN, ""suogu"": null, ""liquidity_before"": 0.0, ""liquidity_after"": 2650.0, ""shares_before"": 0.0, ""shares_after"": 4850.0170898438, ""fenshu"": null, ""xingquanjia"": null, ""date"": ""1991-04-03T00:00:00"", ""category_meaning"": ""股本变化"", ""code"": ""000001""}, {""category"": 1, ""name"": ""除权除息"", ""fenhong"": 3.0, ""peigujia"": 0.0, ""songzhuangu"": 4.0, ""peigu"": 0.0, ""suogu"": null, ""liquidity_before"": NaN, ""liquidity_after"": NaN, ""shares_before"": NaN, ""shares_after"": NaN, ""fenshu"": null, ""xingquanjia"": null, ""date"": ""1991-05-02T00:00:00"", ""category_meaning"": ""除权除息"", ""code"": ""000001""}, {""category"": 1, ""name"": ""除权除息"", ""fenhong"": 0.0, ""peigujia"": 0.0, ""songzhuangu"": 10.0, ""peigu"": 0.0, ""suogu"": null, ""liquidity_before"": NaN, ""liquidity_after"": NaN, ""shares_before"": NaN, ""shares_after"": NaN, ""fenshu"": null, ""xingquanjia"": null, ""date"": ""1991-08-17T00:00:00"", ""category_meaning"": ""除权除息"", ""code"": ""000001""}, {""category"": 1, ""name"": ""除权除息"", ""fenhong"": 2.0, ""peigujia"": 0.0, ""songzhuangu"": 5.0, ""peigu"": 0.0, ""suogu"": null, ""liquidity_before"": NaN, ""liquidity_after"": NaN, ""shares_before"": NaN, ""shares_after"": NaN, ""fenshu"": null, ""xingquanjia"": null, ""date"": ""1992-03-23T00:00:00"", ""category_meaning"": ""除权除息"", ""code"": ""000001""}]","{""args"": [""000001""], ""kwargs"": {}}"
wequant,fetch_trade_date,pass_has_data,ok,list,9319,[],{},"[""1990-12-19"", ""1990-12-20"", ""1990-12-21"", ""1990-12-24"", ""1990-12-25""]","{""args"": [], ""kwargs"": {}}"
